-- phpMyAdmin SQL Dump
-- version 5.2.1
-- https://www.phpmyadmin.net/
--
-- Host: localhost
-- Generation Time: Aug 17, 2023 at 06:16 AM
-- Server version: 10.5.20-MariaDB
-- PHP Version: 7.3.33

SET SQL_MODE = "NO_AUTO_VALUE_ON_ZERO";
START TRANSACTION;
SET time_zone = "+00:00";


/*!40101 SET @OLD_CHARACTER_SET_CLIENT=@@CHARACTER_SET_CLIENT */;
/*!40101 SET @OLD_CHARACTER_SET_RESULTS=@@CHARACTER_SET_RESULTS */;
/*!40101 SET @OLD_COLLATION_CONNECTION=@@COLLATION_CONNECTION */;
/*!40101 SET NAMES utf8mb4 */;

--
-- Database: `id21127329_awealdb`
--

-- --------------------------------------------------------

--
-- Table structure for table `career_title`
--

CREATE TABLE `career_title` (
  `id` int(20) NOT NULL,
  `career_title_name` varchar(255) NOT NULL,
  `flag` int(2) NOT NULL
) ENGINE=InnoDB DEFAULT CHARSET=utf8 COLLATE=utf8_unicode_ci;

--
-- Dumping data for table `career_title`
--

INSERT INTO `career_title` (`id`, `career_title_name`, `flag`) VALUES
(1, 'مسجل بيانات', 0),
(2, 'كاتب', 0),
(3, 'معاون مبرمج', 0),
(4, 'معاون مدقق', 0);

-- --------------------------------------------------------

--
-- Table structure for table `certificate`
--

CREATE TABLE `certificate` (
  `id` int(20) NOT NULL,
  `certificate_name` varchar(100) NOT NULL,
  `certificate_flag` int(3) NOT NULL DEFAULT 0
) ENGINE=InnoDB DEFAULT CHARSET=utf8 COLLATE=utf8_unicode_ci;

--
-- Dumping data for table `certificate`
--

INSERT INTO `certificate` (`id`, `certificate_name`, `certificate_flag`) VALUES
(1, 'الدكتوراه', 0),
(2, 'الماجستير', 0),
(3, 'الدبلوم العالي', 0),
(4, 'البكالوريوس', 0),
(5, 'الدبلوم', 0);

-- --------------------------------------------------------

--
-- Table structure for table `data`
--

CREATE TABLE `data` (
  `data_id` int(100) NOT NULL,
  `user_id` int(100) NOT NULL,
  `career_title` int(20) NOT NULL,
  `degree` varchar(100) NOT NULL,
  `university_id` int(100) UNSIGNED NOT NULL,
  `address` varchar(255) DEFAULT NULL
) ENGINE=InnoDB DEFAULT CHARSET=utf8mb4 COLLATE=utf8mb4_general_ci;

--
-- Dumping data for table `data`
--

INSERT INTO `data` (`data_id`, `user_id`, `career_title`, `degree`, `university_id`, `address`) VALUES
(33, 2, 199, 'الدرجة السابعة', 19, ''),
(34, 1, 782, 'الدرجة السابعة', 6, '');

-- --------------------------------------------------------

--
-- Table structure for table `dgree`
--

CREATE TABLE `dgree` (
  `id` int(20) NOT NULL,
  `dgree_name` varchar(100) NOT NULL,
  `dgree_flag` int(2) NOT NULL DEFAULT 0
) ENGINE=InnoDB DEFAULT CHARSET=utf8 COLLATE=utf8_unicode_ci;

--
-- Dumping data for table `dgree`
--

INSERT INTO `dgree` (`id`, `dgree_name`, `dgree_flag`) VALUES
(1, 'الدرجة الثامنة', 0),
(2, 'الدرجة السابعة', 0),
(3, 'الدرجة السادسة', 0),
(4, 'الخامسة', 0);

-- --------------------------------------------------------

--
-- Table structure for table `log_table`
--

CREATE TABLE `log_table` (
  `id` int(100) NOT NULL,
  `user_id` varchar(20) NOT NULL,
  `massege` longtext NOT NULL,
  `date` datetime NOT NULL DEFAULT current_timestamp(),
  `IP` varchar(45) DEFAULT NULL
) ENGINE=InnoDB DEFAULT CHARSET=utf8 COLLATE=utf8_unicode_ci;

--
-- Dumping data for table `log_table`
--

INSERT INTO `log_table` (`id`, `user_id`, `massege`, `date`, `IP`) VALUES
(219, '1', 'User مصطفى سليم محسن زميط has been login to systm', '2023-08-09 20:40:42', '37.236.200.5'),
(220, '3', 'User حوراء عبد الكريم جاسم has been login to systm', '2023-08-09 20:55:34', '185.128.37.168'),
(221, '3', 'User حوراء عبد الكريم جاسم has been login to systm', '2023-08-09 21:02:23', '37.236.200.5'),
(222, '3', 'User has been INSERT INTO  data table information  career_title= 1,degree= الدرجة السابعة,university_id= 8', '2023-08-09 21:04:27', '37.236.200.5'),
(223, '2', 'User احمد محمد علي حسين has been login to systm', '2023-08-10 09:53:34', '37.98.226.97'),
(224, '2', 'User has been INSERT INTO  data table information  career_title= 2,degree= الدرجة الثامنة,university_id= 11', '2023-08-10 09:54:09', '37.98.226.97'),
(225, '1', 'User مصطفى سليم محسن has been login to systm', '2023-08-15 10:57:38', '37.98.226.97'),
(226, '1', 'User مصطفى سليم محسن has been login to systm', '2023-08-16 05:36:59', '37.98.226.97'),
(227, '1', 'User مصطفى سليم محسن زميط has been login to systm', '2023-08-16 07:11:13', '37.98.226.97'),
(228, '3', 'User حوراء عبد الكريم جاسم has been login to systm', '2023-08-16 08:35:51', '37.98.226.97'),
(229, '1', 'User مصطفى سليم محسن زميط has been login to systm', '2023-08-16 08:41:52', '37.98.226.97'),
(230, '1', 'User مصطفى سليم محسن has been login to systm', '2023-08-16 08:42:57', '37.98.226.97'),
(231, '3', 'User حوراء عبد الكريم جاسم has been login to systm', '2023-08-16 09:31:42', '37.98.226.97'),
(232, '3', 'User حوراء عبد الكريم جاسم has been login to systm', '2023-08-16 11:16:17', '37.98.226.97'),
(233, '1', 'User مصطفى سليم محسن has been login to systm', '2023-08-16 11:35:52', '37.98.226.97'),
(234, '1', 'User مصطفى سليم محسن has been login to systm', '2023-08-16 11:44:53', '37.98.226.97'),
(235, '1', 'User has been INSERT INTO  data table information  career_title= 1,degree= الدرجة السابعة,university_id= 13', '2023-08-16 12:00:18', '37.98.226.97'),
(236, '2', 'User احمد محمد علي حسين has been login to systm', '2023-08-17 05:36:43', '37.98.226.97'),
(237, '2', 'User has been INSERT INTO  data table information  career_title= 199,degree= الدرجة السابعة,university_id= 19', '2023-08-17 06:06:18', '37.98.226.97'),
(238, '1', 'User مصطفى سليم محسن زميط has been login to systm', '2023-08-17 06:11:06', '37.98.226.97'),
(239, '1', 'User مصطفى سليم محسن زميط has been login to systm', '2023-08-17 06:11:55', '37.98.226.97'),
(240, '1', 'User has been INSERT INTO  data table information  career_title= 782,degree= الدرجة السابعة,university_id= 6', '2023-08-17 06:13:05', '37.98.226.97'),
(241, '1', 'User مصطفى سليم محسن زميط has been login to systm', '2023-08-17 06:13:51', '37.98.226.97');

-- --------------------------------------------------------

--
-- Table structure for table `ministerialrequirement`
--

CREATE TABLE `ministerialrequirement` (
  `id` int(50) NOT NULL,
  `id_user` varchar(100) NOT NULL,
  `ministerial` varchar(100) NOT NULL,
  `tshkel` varchar(100) NOT NULL,
  `certificate` varchar(100) NOT NULL,
  `specialty` varchar(100) NOT NULL,
  `titlejop` varchar(100) NOT NULL,
  `dgree` varchar(100) NOT NULL,
  `countreq` int(100) NOT NULL
) ENGINE=InnoDB DEFAULT CHARSET=utf8 COLLATE=utf8_unicode_ci;

--
-- Dumping data for table `ministerialrequirement`
--

INSERT INTO `ministerialrequirement` (`id`, `id_user`, `ministerial`, `tshkel`, `certificate`, `specialty`, `titlejop`, `dgree`, `countreq`) VALUES
(6, '1', 'مجلس الخدمة الاتحادي', 'مجلس الخدمة الاتحادي', '5', 'كاتب', '6', '1', 43),
(7, '1', 'مجلس الخدمة الاتحادي', 'مجلس الخدمة الاتحادي', '5', 'مسجل بيانات', '824', '1', 80),
(8, '1', 'مجلس الخدمة الاتحادي', 'مجلس الخدمة الاتحادي', '2', 'مبرمج', '358', '2', 50);

-- --------------------------------------------------------

--
-- Table structure for table `title_jop`
--

CREATE TABLE `title_jop` (
  `id` int(3) NOT NULL,
  `title_name` varchar(46) DEFAULT NULL,
  `title_flag` int(1) DEFAULT NULL
) ENGINE=InnoDB DEFAULT CHARSET=utf8 COLLATE=utf8_general_ci;

--
-- Dumping data for table `title_jop`
--

INSERT INTO `title_jop` (`id`, `title_name`, `title_flag`) VALUES
(1, 'وكيل وزارة', 1),
(2, 'محافظ', 1),
(3, 'مستشار', 1),
(4, 'رئيس المجلس العراقي للاختصاصات الطبيه', 1),
(5, 'رئيس جهاز الاشراف', 1),
(6, 'الامين العام', 1),
(7, 'رئيس الادعاء العام', 1),
(8, 'رئيس الجهاز', 1),
(9, 'رئيس الديوان', 1),
(10, 'رئيس المحكمه', 1),
(11, 'رئيس جامعه', 1),
(12, 'رئيس ديوان مجلس النواب', 1),
(13, 'رئيس هيئة الاشراف القضائي', 1),
(14, 'رئيس هيئة التقاعد الوطنيه', 1),
(15, 'ريئس مجلس شورى الدوله', 1),
(16, 'سفير', 1),
(17, 'قضاة المحكمه', 1),
(18, 'قضاة محمة التمييز', 1),
(19, 'مستشار الامن القومي', 1),
(20, 'مفتش عام', 1),
(21, 'نائب المستشار', 1),
(22, 'نائب رئيس الهيئة الرقابه الماليه', 1),
(23, 'نائب رئيس الهيئة الوطنيه للاستثمار', 1),
(24, 'نائب رئيس هيئة النزاهه', 1),
(25, 'نواب رئيس المحكمه', 1),
(26, 'فريق اول', 1),
(27, 'فريق', 1),
(28, 'نائب رئيس المفوضية', 1),
(29, 'رئيس الهيئة العراقية للحاسبات والمعلوماتية', 1),
(30, 'نائب محافظ', 1),
(31, 'مديرعام', 1),
(32, 'قائم مقام', 1),
(33, 'عميد', 1),
(34, 'رئيس الهيئه', 1),
(35, 'رئيس قسم علمي', 1),
(36, 'قاضي', 1),
(37, 'قاضي صنف اول', 1),
(38, 'قاضي صنف ثالث', 1),
(39, 'قاضي صنف ثاني', 1),
(40, 'قاضي صنف رابع', 1),
(41, 'مدعي عام/ صنف اول', 1),
(42, 'مدعي عام/ صنف ثاني', 1),
(43, 'مدعي عام /صنف ثالث', 1),
(44, 'مدعي عام /صنف رابع', 1),
(45, 'مساعد رئيس جامعه', 1),
(46, 'مستشار مساعد', 1),
(47, 'معاون رئيس الديوان', 1),
(48, 'مفتش اداري', 1),
(49, 'وزير مفوض', 1),
(50, 'لواء', 1),
(51, 'خبير', 1),
(52, 'استاذ', 1),
(53, 'معاون مدير عام', 1),
(54, 'مدير ناحية', 1),
(55, 'معاون محافظ الشؤون الادارية', 1),
(56, 'معاون محافظ الشؤون الفنية', 1),
(57, 'معاون محافظ لشؤون الامنيه', 1),
(58, 'معاون محافظ لشؤون الماليه', 1),
(59, 'معاون مفتش عام', 1),
(60, 'مدير تنفيذي', 1),
(61, 'مستشار قانوني في الوزارة', 1),
(62, 'رئيس اطباء اختصاص', 1),
(63, 'طبيب استشاري', 1),
(64, 'صيدلي استشاري', 0),
(65, 'طبيب اسنان استشاري', 0),
(66, 'طبيب بيطري استشاري', 0),
(67, 'معاون عميد', 0),
(68, 'مستشار في ملحقيه تجاريه', 0),
(69, 'سكرتير عام في مجلس شورى الدوله', 0),
(70, 'معلم جامعي اقدم اول', 0),
(71, 'مشرف تربوي اقدم اول', 0),
(72, 'مدرس اقدم اول', 0),
(73, 'اختصاصي تربوي اقدم اول', 0),
(74, 'مفتش تربوي اقدم', 0),
(75, 'مرشد تربوي اقدم اول', 0),
(76, 'مشرف فني اقدم اول', 0),
(77, 'امام وخطيب اول', 1),
(78, 'عميد / عسكري', 1),
(79, 'رئيس هيئة الرقابة المالية اقدم', 1),
(80, 'استاذ مشارك', 1),
(81, 'مدير اقدم', 1),
(82, 'مدير مال اقدم', 0),
(83, 'مدير فني اقدم', 0),
(84, 'عميد/عسكري', 1),
(85, 'مدير ناحية', 1),
(86, 'رئيس مهندسين اقدم', 1),
(87, 'رئيس مهندسين زراعيين اقدم', 1),
(88, 'رئيس مشرفين سياحيين اقدم', 1),
(89, 'رئيس مهندسيين تقنيين اقدم / اجهزة طبية', 1),
(90, 'رئيس مترجمين اقدم', 1),
(91, 'رئيس احصائيين اقدم', 1),
(92, 'رئيس اطباء ممارسين بفرع اقدم', 1),
(93, 'رئيس اطباء ممارسين تخدير', 1),
(94, 'رئيس اطباء عموميين اقدم', 1),
(95, 'رئيس اطباء ممارسين طب عدلي', 1),
(96, 'طبيب اختصاص اقدم', 1),
(97, 'رئيس ابحاث اقدم', 1),
(98, 'رئيس مبرمجين اقدم', 1),
(99, 'رئيس محللين اقدم', 1),
(100, 'رئيس اختصاصيين نظم ومعلومات اقدم', 1),
(101, 'مدير حاسبة', 1),
(102, 'رئيس صيادلة اقدم', 1),
(103, 'صيدلي اختصاص اقدم', 1),
(104, 'مدير حسابات اقدم', 1),
(105, 'مدير تدقيق اقدم', 1),
(106, 'رئيس اختصاصي الغام اقدم', 1),
(107, 'رئيس امناء مكتبة اقدم', 1),
(108, 'رئيس اطباء اسنان اقدم', 1),
(109, 'طبيب اسنان اختصاص اقدم', 1),
(110, 'رئيس اطباء بيطريين اقدم', 1),
(111, 'طبيب بيطري اختصاص اقدم', 1),
(112, 'رئيس منقب اثار اقدم', 1),
(113, 'امين متحف اقدم', 1),
(114, 'رئيس جيولوجي اقدم', 1),
(115, 'مستشار قانوني مساعد', 1),
(116, 'رئيس كيمياوي اقدم', 1),
(117, 'رئيس فيزياوي اقدم', 1),
(118, 'رئيس بايولوجي اقدم', 1),
(119, 'رئيس بكتريولوجي اقدم', 1),
(120, 'رئيس تقنيين طبيين اقدم', 1),
(121, 'رئيس ممرض وممرضة جامعي اقدم', 1),
(122, 'رئيس مصورين اقدم', 1),
(123, 'رئيس مصممين اقدم', 1),
(124, 'رئيس مصححين اقدم', 1),
(125, 'معاون قضائي اقدم', 1),
(126, 'كاتب عدل اقدم', 1),
(127, 'منفذ عدل اقدم', 1),
(128, 'محقق عدل اقدم', 1),
(129, 'مدير تسجيل عقاري اقدم', 1),
(130, 'مدير قاصرين اقدم', 1),
(131, 'باحث اجتماعي اقدم', 1),
(132, 'امام وخطيب اقدم', 1),
(133, 'سادن اقدم', 1),
(134, 'امام اقدم', 1),
(135, 'واعظ اقدم', 1),
(136, 'مفتش اول', 1),
(137, 'رئيس مهندسين تقنيين اقدم', 1),
(138, 'رئيس مراقب مطار اقدم', 1),
(139, 'رئيس مراقب قاعة اقدم', 1),
(140, 'رئيس مرشدين اقدم', 1),
(141, 'رئيس ضابط مخابرة اقدم', 1),
(142, 'رئيس طيارين اقدم', 1),
(143, 'رئيس مراقبي نقل جوي اقدم', 1),
(144, 'رئيس مراقبين جويين اقدم', 1),
(145, 'رئيس مخمنيين اقدم', 1),
(146, 'رئيس مراقبين فنيين اقدم', 1),
(147, 'رئيس متنبئين جويين اقدم', 1),
(148, 'رئيس راصد جوي اقدم', 1),
(149, 'رئيس تحري معلومات اقدم', 1),
(150, 'رئيس مراقبين اقدم', 1),
(151, 'ريئس محققين اقدم', 1),
(152, 'اختصاصي تربوي اقدم ثاني', 1),
(153, 'رئيس مدربين رياضيين اقدم', 1),
(154, 'رئيس مدربيين فنين اقدم', 1),
(155, 'محاسب قانوني ثاني', 1),
(156, 'مدرس اقدم ثاني', 1),
(157, 'مشرف تربوي اقدم ثاني', 1),
(158, 'ملحق تجاري', 1),
(159, 'مفتش تربوي', 1),
(160, 'رئيس هيئة الرقابة المالية', 1),
(161, 'سكرتير اول', 1),
(162, 'استاذ مساعد', 1),
(163, 'مدير', 1),
(164, 'مدير فني', 1),
(165, 'مدير مال', 1),
(166, 'مدير قطاع', 1),
(167, 'رئيس اطباء عمومين', 1),
(168, 'ممارس طب عدلي اقدم', 1),
(169, 'ممارس تخذير اقدم', 1),
(170, 'رئيس مهندسين', 1),
(171, 'رئيس مهندسين زراعين', 1),
(172, 'رئيس مهندسين تقنيين/اجهزة طبية', 1),
(173, 'رئيس مشرفين سياحيين', 1),
(174, 'رئيس مترجمين', 1),
(175, 'رئيس احصائيين', 1),
(176, 'رئيس مبرمجين', 1),
(177, 'رئيس محللي نظم', 1),
(178, 'رئيس مصورين', 1),
(179, 'رئيس مساحين اقدم', 1),
(180, 'رئيس جيولوجي', 1),
(181, 'مدير اعلامي', 1),
(182, 'رئيس اختصاصي نظم ومعلومات', 1),
(183, 'مدير حسابات', 1),
(184, 'مدير تدقيق', 1),
(185, 'اختصاصي تربوي اول', 1),
(186, 'رئيس مرشدين اجتماعين', 1),
(187, 'رئيس مأمورين', 1),
(188, 'مدرس اقدم', 1),
(189, 'مشرف تربوي اقدم', 1),
(190, 'معلم اقدم', 1),
(191, 'مشاور قانوني اقدم', 1),
(192, 'رئيس اختصاص الغام', 1),
(193, 'رئيس امناء مكتبة', 1),
(194, 'منقب اثار اول', 0),
(195, 'امين متحف اول', 0),
(196, 'رئيس رسامين هندسي اقدم', 0),
(197, 'رئيس رسامين اقدم', 0),
(198, 'مشرف فني اقدم', 0),
(199, 'رئيس اطباء ممارسين بفرع', 0),
(200, 'طبيب اختصاص', 0),
(201, 'رئيس صيادلة', 0),
(202, 'صيدلي اختصاص', 0),
(203, 'رئيس اطباء اسنان', 0),
(204, 'طبيب اسنان اختصاص', 0),
(205, 'رئيس اطباء بيطرين', 0),
(206, 'طبيب بيطري اختصاص', 0),
(207, 'رئيس كيمياوين', 0),
(208, 'رئيس فيزياويين', 0),
(209, 'رئيس بايولوجي', 0),
(210, 'رئيس بكتريولوجي', 0),
(211, 'رئيس مرشدين زراعيين اقدم', 0),
(212, 'رئيس تقنيين طبيين', 0),
(213, 'رئيس ممرضين وممرضات جامعيات', 0),
(214, 'رئيس مصممين', 1),
(215, 'رئيس مصححين', 1),
(216, 'معاون قضائي اول', 1),
(217, 'كاتب عدل اول', 1),
(218, 'مدير تسجيل عقاري', 1),
(219, 'مدير قاصرين', 1),
(220, 'باحث اجتماعي اول', 1),
(221, 'منفذ عدل اول', 1),
(222, 'محقق عدلي اول', 1),
(223, 'سادن اول', 1),
(224, 'امام اول', 1),
(225, 'واعظ اول', 1),
(226, 'مفتش ثان', 1),
(227, 'رئيس مهندسين تقنيين', 1),
(228, 'رئيس ابحاث', 1),
(229, 'رئيس مراقب مطار', 1),
(230, 'رئيس مراقب قاعة', 1),
(231, 'رئيس مرشدين', 1),
(232, 'رئيس مخمنيين', 1),
(233, 'رئيس مراقبين فنيين', 1),
(234, 'رئيس طيارين', 1),
(235, 'رئيس ضباط اطفاء', 1),
(236, 'رئيس ضباط انقاذ', 1),
(237, 'رئيس مراقبي نقل جوي', 1),
(238, 'رئيس مراقبين جويين', 1),
(239, 'رئيس متنبئين جويين', 1),
(240, 'رئيس ارصاد جوي', 1),
(241, 'رئيس تحري معلومات', 1),
(242, 'رئيس منتجين اقدم', 1),
(243, 'رئيس مدربيين رياضيين', 1),
(244, 'مرشد تربوي اقدم', 1),
(245, 'معلم جامعي اقدم', 1),
(246, 'رئيس مراقبيين', 1),
(247, 'محقق اول', 1),
(248, 'رئيس مدربين فنيين', 1),
(249, 'معاون ملحق', 1),
(250, 'محاسب قانوني ثالث', 1),
(251, 'معلم ومعلم جامعي اقدم', 1),
(252, 'معلم صناعي اقدم', 1),
(253, 'اختصاصي تربوي اقدم', 1),
(254, 'رئيس مشرحين', 1),
(255, 'مديرتدقيق حسابات', 1),
(256, 'مقدم', 1),
(257, 'مدير مخازن', 1),
(258, 'رئيس ربان طائرة', 1),
(259, 'رئيس ضابط عمليات جوية', 1),
(260, 'رئيس مهندسي طائرات', 1),
(261, 'رئيس مهندسين جويين', 1),
(262, 'رئيس ضابط بحري', 1),
(263, 'امام وخطيب ثالث', 1),
(264, 'رئيس مضييفين', 1),
(265, 'معاون رئيس هيئة الرقابة المالية', 1),
(266, 'مدرس جامعي اول', 1),
(267, 'سكرتير ثاني', 1),
(268, 'معاون مدير', 1),
(269, 'مأمور مال ثاني', 1),
(270, 'معاون مدير فني', 1),
(271, 'طبيب عمومي اقدم', 1),
(272, 'طبيب اسنان ممارس', 1),
(273, 'طبيب ممارس تخدير', 1),
(274, 'طبيب ممارس عدلي', 1),
(275, 'رئيس قابلات ماهرات اقدم', 1),
(276, 'معاون رئيس مهندسين', 1),
(277, 'معاون رئيس مهندسين زراعين', 1),
(278, 'معاون رئيس مهندسين تقنيين/اجهزة طبية', 1),
(279, 'معاون رئيس مترجمين', 1),
(280, 'معاون رئيس احصائيين', 1),
(281, 'معاون رئيس مشرفين سياحيين', 1),
(282, 'محرر اقدم', 1),
(283, 'منظم ارشيف اقدم', 1),
(284, 'معاون رئيس مبرمجين', 1),
(285, 'معاون رئيس ابحاث', 1),
(286, 'معاون رئيس محللي انظمة', 1),
(287, 'معاون رئيس اختصاصي نظم ومعلومات', 1),
(288, 'معاون رئيس مصممين', 1),
(289, 'معاون رئيس مصححين', 1),
(290, 'معاون مدير حسابات', 1),
(291, 'معاون مدير تدقيق', 1),
(292, 'مدير مدرسة (تدريسية)', 1),
(293, 'اختصاصي تربوي', 1),
(294, 'مدرس اول', 1),
(295, 'امين متحف ثان', 1),
(296, 'مشرف فني اول', 1),
(297, 'مشرف تربوي اول', 1),
(298, 'رئيس مساحين', 1),
(299, 'رئيس مضمدين اقدم', 1),
(300, 'معلم اول', 1),
(301, 'مشاور قانوني', 1),
(302, 'معاون رئيس اختصاصي الغام', 1),
(303, 'معاون رئيس امناء مكتبة', 1),
(304, 'رئيس رسامين هندسي', 1),
(305, 'رئيس رسامين', 1),
(306, 'معاون قضائي ثان', 1),
(307, 'كاتب عدل ثان', 1),
(308, 'منفذ عدل ثان', 1),
(309, 'محقق عدل ثان', 1),
(310, 'باحث اجتماعي ثان', 1),
(311, 'معاون رئيس مخمنيين', 1),
(312, 'معاون رئيس مصوريين', 1),
(313, 'معاون مدير اعلامي', 1),
(314, 'معاون رئيس مرشدين', 1),
(315, 'مأمور قسم اقدم', 1),
(316, 'رئيس رقباء اصلاحية', 1),
(317, 'طبيب ممارس بفرع', 1),
(318, 'صيدلي اقدم', 1),
(319, 'طبيب اسنان اقدم', 1),
(320, 'طبيب بيطري ممارس اقدم', 1),
(321, 'معاون رئيس كيمياويين', 1),
(322, 'معاون رئيس فيزياويين', 1),
(323, 'معاون رئيس بايولوجي', 1),
(324, 'معاون رئيس بكتريولوجي', 1),
(325, 'رئيس مرشدين زراعيين', 1),
(326, 'معاون رئيس تقنيين طبيين', 1),
(327, 'امام وخطيب ثان', 1),
(328, 'سادن ثان', 1),
(329, 'امام ثان', 1),
(330, 'واعظ ثان', 1),
(331, 'رئيس ممرض او رئيسة ممرضات اقدم', 1),
(332, 'رئيس معاون طبي اقدم', 1),
(333, 'معاون رئيس ممرض وممرضة جامعية', 1),
(334, 'رئيس ممرض او ممرضة ماهرة اقدم', 1),
(335, 'معاون رئيس مهندسين تقنيين', 1),
(336, 'مفتش ثالث', 1),
(337, 'معاون رئيس مراقبي مطار', 1),
(338, 'معاون رئيس مراقب قاعة', 1),
(339, 'معاون رئيس ضابط مخابرة', 1),
(340, 'معاون رئيس طيارين', 1),
(341, 'معاون رئيس جيولوجي', 1),
(342, 'ضابط اطفاء اقدم', 1),
(343, 'ظابط انقاذ اقدم', 1),
(344, 'معاون رئيس مراقبي نقل جوي', 1),
(345, 'معاون رئيس مراقبين جويين', 1),
(346, 'منقب اثار ثان', 1),
(347, 'معاون رئيس متنبئين جويين', 1),
(348, 'معاون رئيس راصد جوي', 1),
(349, 'معاون رئيس تحري معلومات', 1),
(350, 'رئيس ممرض او ممرضة فني اقدم', 1),
(351, 'رئيس معاون وقائي اقدم', 1),
(352, 'رئيس مساعد مختبر اقدم', 1),
(353, 'رئيس منتجين', 1),
(354, 'معاون رئيس مدربيين رياضيين', 1),
(355, 'رئيس صيدلي اقدم', 1),
(356, 'مرشد تربوي اول', 1),
(357, 'معلم جامعي اول', 1),
(358, 'معلم صناعي اول', 1),
(359, 'معاون رئيس مراقبين فنيين', 1),
(360, 'محقق ثاني', 1),
(361, 'معاون رئيس مدربيين فنيين', 1),
(362, 'محاسب قانوني رابع', 1),
(363, 'معلم ومعلم جامعي اول', 1),
(364, 'معاون رئيس مشرحين', 1),
(365, 'معاون مدير تدقيق حسابات', 1),
(366, 'نائب ضابط ممتاز', 1),
(367, 'مفوض 1', 1),
(368, 'رائد', 1),
(369, 'معاون مدير مخازن', 1),
(370, 'ربان طائرة اقدم', 1),
(371, 'معاون رئيس ضابط عمليات جوية', 1),
(372, 'معاون رئيس مهندسي طائرات', 1),
(373, 'معاون رئيس مهندسين جويين', 1),
(374, 'بحار سادس', 1),
(375, 'معاون رئيس ضباط بحري', 1),
(376, 'امام وواعظ اول', 1),
(377, 'امام وخطيب', 1),
(378, 'معاون رئيس مضيفين', 1),
(379, 'مدرس جامعي', 1),
(380, 'سكرتير ثالث', 1),
(381, 'رقيب مالي اقدم', 1),
(382, 'رئيس ملاحظين', 1),
(383, 'مامور مال ثالث', 1),
(384, 'رئيس ملاحظين فني', 1),
(385, 'امين مخزن اقدم', 1),
(386, 'مشرف سياحي اقدم', 1),
(387, 'رئيس امناء صناديق', 1),
(388, 'طبيب اسنان عمومي', 1),
(389, 'طبيب عمومي', 1),
(390, 'طبيب تدرج', 1),
(391, 'صيدلي مختبرات', 1),
(392, 'صيدلي سريري', 1),
(393, 'رئيسة قابلات ماهرات', 1),
(394, 'رئيس مقيم اقدم', 1),
(395, 'مهندس اقدم', 1),
(396, 'مهندس زراعي اقدم', 1),
(397, 'مهندس تقني اقدم / اجهزة طبية', 1),
(398, 'مترجم اقدم', 1),
(399, 'احصائي اقدم', 1),
(400, 'باحث اقدم', 1),
(401, 'محرر اول', 1),
(402, 'منظم ارشيف اول', 1),
(403, 'مبرمج اقدم', 1),
(404, 'محلل انظمة اقدم', 1),
(405, 'اختصاص نظم ومعلومات اقدم', 1),
(406, 'رئيس مشغلي حاسبة', 1),
(407, 'رئيس مشرف بيانات', 1),
(408, 'رئيس حرفيين اقدم', 1),
(409, 'محاسب اقدم', 1),
(410, 'مدقق حسابات اقدم', 1),
(411, 'مدرس ثان', 1),
(412, 'مدير مدرسة (تعليمية)', 1),
(413, 'مشرف تربوي', 1),
(414, 'معلم ثان', 1),
(415, 'مشاور قانوني مساعد', 1),
(416, 'اختصاص الغام اقدم', 1),
(417, 'امين مكتبة اقدم', 1),
(418, 'معاون رئيس رسامين هندسي', 1),
(419, 'معاون رئيس رسامين', 1),
(420, 'رئيس كتاب طابعة', 1),
(421, 'رئيس سواق اقدم', 1),
(422, 'مصمم اقدم', 1),
(423, 'مصحح اقدم', 1),
(424, 'امين متحف ثالث', 1),
(425, 'مشرف فني ثان', 1),
(426, 'مخمن اقدم', 1),
(427, 'فاحص نقد اقدم', 1),
(428, 'معاون رئيس مساحين', 1),
(429, 'مهندس تقني اقدم', 1),
(430, 'رئيس مضمدين', 1),
(431, 'مصور اقدم', 1),
(432, 'رئيس ملاحظين اعلامي', 1),
(433, 'مرشد اجتماعي اقدم', 1),
(434, 'مامون قسم اول', 1),
(435, 'رقيب اصلاحية اقدم', 1),
(436, 'حارس اصلاحية اقدم', 1),
(437, 'معاون قضائي ثالث', 1),
(438, 'كاتب عدل ثالث', 1),
(439, 'منفذ عدل ثالث', 1),
(440, 'محقق عدل ثالث', 1),
(441, 'باحث اجتماعي ثالث', 1),
(442, 'طبيب مقيم عمومي اقدم', 1),
(443, 'كيمياوي اقدم', 1),
(444, 'فيزياوي اقدم', 1),
(445, 'بايولوجي اقدم', 1),
(446, 'صيدلي عمومي', 1),
(447, 'بكتريولوجي اقدم', 1),
(448, 'طبيب بيطري ممارس', 1),
(449, 'معاون رئيس مرشدين زراعيين', 1),
(450, 'تقني طبي اقدم', 1),
(451, 'رئيس معاون طبي', 1),
(452, 'رئيس معاون مختبر', 1),
(453, 'ممرض او ممرضة جامعية اقدم', 1),
(454, 'رئيس ممرض او ممرضة ماهرة', 1),
(455, 'رئيس ممرض او ممرضة فنية', 1),
(456, 'رئيس ممرض او ممرضة', 1),
(457, 'رئيس ماموري كمارك', 1),
(458, 'سادن ثالث', 1),
(459, 'امام ثالث', 1),
(460, 'واعظ ثالث', 1),
(461, 'قارىء ومؤذن اقدم', 1),
(462, 'خادم ومؤذن اقدم', 1),
(463, 'مؤذن اقدم', 1),
(464, 'خادم اقدم', 1),
(465, 'مفتش رابع', 1),
(466, 'رئيس حراس اقدم', 1),
(467, 'مراقب مطار اقدم', 1),
(468, 'مراقب قاعة اقدم', 1),
(469, 'مرشد اقدم', 1),
(470, 'ضابط مخابرة اقدم', 1),
(471, 'جيولوجي اقدم', 1),
(472, 'مراقب فني اقدم', 1),
(473, 'طيار اقدم', 1),
(474, 'ضابط اطفاء', 1),
(475, 'ضابط انقاذ', 1),
(476, 'مراقب نقل جوي اقدم', 1),
(477, 'مراقب جوي اقدم', 1),
(478, 'منقب اثار ثالث', 1),
(479, 'متنبىء جوي اقدم', 1),
(480, 'راصد جوي اقدم', 1),
(481, 'تحري معلومات اقدم', 1),
(482, 'رئيس معاون وقائي', 1),
(483, 'معاون وقائي اقدم', 1),
(484, 'معاون رئيس منتجين', 1),
(485, 'مدرب رياضي اقدم', 1),
(486, 'رئيس مصوريين شعاعيين اقدم', 1),
(487, 'رئيس معالجيين طبيعيين اقدم', 1),
(488, 'رئيس صيدلي', 1),
(489, 'مرشد تربوي ثاني', 1),
(490, 'معلم صناعي ثاني', 1),
(491, 'مراقب اقدم', 1),
(492, 'محقق ثالث', 1),
(493, 'مامور تسجيل اقدم', 1),
(494, 'رئيس سواق اطفاء اقدم', 1),
(495, 'مدرب فني اقدم', 1),
(496, 'معلم ومعلم جامعي ثاني', 1),
(497, 'مدقق حسابات اقدم', 1),
(498, 'مشرح اقدم', 1),
(499, 'مفوض 2', 1),
(500, 'مفوض3', 1),
(501, 'نائب ضابظ د 1', 1),
(502, 'نائب ضابظ د 2', 1),
(503, 'نقيب', 1),
(504, 'ربان طائرة', 1),
(505, 'ضباط عمليات جوية اقدم', 1),
(506, 'مهندس طائرات اقدم', 1),
(507, 'مهندس جوي اقدم', 1),
(508, 'بحار خامس', 1),
(509, 'ضابط بحري اقدم', 1),
(510, 'امام وواعظ ثاني', 0),
(511, 'امام وخطيب مدرس', 0),
(512, 'مضيف طائرة اقدم', 0),
(513, 'ملحق', 0),
(514, 'مدرس مساعد', 0),
(515, 'رقيب مالي', 0),
(516, 'ملاحظ', 0),
(517, 'مأمور مال رابع', 0),
(518, 'ملاحظ فني', 0),
(519, 'امين مخزن', 0),
(520, 'مشرف سياحي', 0),
(521, 'معاون رئيس امناء صناديق', 0),
(522, 'مهندس', 0),
(523, 'مهندس زراعي', 0),
(524, 'مهندس تقني / اجهزة', 0),
(525, 'مترجم', 0),
(526, 'قضائي', 0),
(527, 'باحث', 0),
(528, 'مبرمج', 0),
(529, 'محلل انظمة', 0),
(530, 'محرر ثان', 0),
(531, 'منظم ارشيف ثان', 0),
(532, 'مصمم', 0),
(533, 'اختصاصي نظم ومعلومات', 0),
(534, 'مشرف بيانات اقدم', 0),
(535, 'مشغل حاسبة اقدم', 0),
(536, 'رئيس حرفيين', 0),
(537, 'محاسب', 0),
(538, 'مدقق', 0),
(539, 'مدقق حسابات', 0),
(540, 'معيد طبيب', 0),
(541, 'منقب اثار رابع', 0),
(542, 'مدرس ثالث', 0),
(543, 'معلم ثالث', 0),
(544, 'قانوني', 0),
(545, 'اختصاصي الغام', 0),
(546, 'امين مكتبة', 0),
(547, 'رسام هندسي اقدم', 0),
(548, 'رسام اقدم', 0),
(549, 'معاون رئيس كتاب طابعة', 0),
(550, 'رئيس سواق', 0),
(551, 'امين متحف رابع', 0),
(552, 'مشرف فني ثالث', 0),
(553, 'فاحص نقد اول', 0),
(554, 'مساح اقدم', 0),
(555, 'جيولوجي', 0),
(556, 'معاون رئيس مضمدين', 0),
(557, 'مصور', 0),
(558, 'ملاحظ اعلامي', 0),
(559, 'مرشد اجتماعي اول', 0),
(560, 'مأمور قسم ثان', 0),
(561, 'رقيب اصلاحية اول', 0),
(562, 'حارس اصلاحية اول', 0),
(563, 'مخمن', 0),
(564, 'معاون قضائي رابع', 0),
(565, 'كاتب عدل رابع', 0),
(566, 'منفذ عدل رابع', 0),
(567, 'محقق عدل رابع', 0),
(568, 'باحث اجتماعي رابع', 0),
(569, 'مبلغ اقدم', 0),
(570, 'طبيب مقيم دوري', 0),
(571, 'طبيب بيطري متدرب', 0),
(572, 'كيمياوي', 0),
(573, 'فيزياوي', 0),
(574, 'بايولوجي', 0),
(575, 'بكتريولوجي', 0),
(576, 'مرشد زراعي اول', 0),
(577, 'تقني طبي', 0),
(578, 'طبيب تدرج', 0),
(579, 'صيدلي متدرب', 0),
(580, 'طبيب اسنان متدرب', 0),
(581, 'معاون رئيس معاون طبي', 0),
(582, 'معاون رئيس معاون مختبر', 0),
(583, 'ممرض وممرضة جامعية', 0),
(584, 'معاون رئيس ممرض او ممرضة ماهرة', 0),
(585, 'معاون رئيس ممرض او ممرضة فنية', 0),
(586, 'معاون رئيس ممرضين او رئيسة ممرضات', 0),
(587, 'معاون رئيس قابلات ماهرات', 0),
(588, 'معاون مهندس معماري', 0),
(589, 'معاون مهندس طب حياتي', 0),
(590, 'رئيس مقيمين دوريين', 0),
(591, 'صيدلي تدرج', 0),
(592, 'معاون رئيس مامور كمارك', 0),
(593, 'امام وخطيب رابع', 0),
(594, 'سادن رابع', 0),
(595, 'امام رابع', 0),
(596, 'واعظ رابع', 0),
(597, 'قارىء ومؤذن اول', 0),
(598, 'خادم ومؤذن اول', 0),
(599, 'مؤذن اول', 0),
(600, 'خادم اول', 0),
(601, 'مفتش خامس', 0),
(602, 'مهندس تقني', 0),
(603, 'رئيس حراس', 0),
(604, 'مراقب مطار اول', 0),
(605, 'مراقب قاعة اول', 0),
(606, 'مرشد اول', 0),
(607, 'ضابط مخابرة', 0),
(608, 'طيار', 0),
(609, 'رئيس عرفاء اطفاء', 0),
(610, 'رئيس عرفاء انقاذ', 0),
(611, 'مراقب نقل جوي اول', 0),
(612, 'مراقب جوي اول', 0),
(613, 'مصحح', 0),
(614, 'متنبىء جوي', 0),
(615, 'راصد جوي', 0),
(616, 'تحري معلومات', 0),
(617, 'طبيب اسنان تدرج', 0),
(618, 'معاون رئيس تقني اجهزة طبية', 0),
(619, 'صيدلي ممارس', 0),
(620, 'معاون رئيس معاون وقائي', 0),
(621, 'منتج اقدم', 0),
(622, 'مدرب رياضي', 0),
(623, 'رئيس مصورين شعاعيين', 0),
(624, 'رئيس معالجين طبيعيين', 0),
(625, 'معاون رئيس صيدلي', 0),
(626, 'مرشد تربوي ثالث', 0),
(627, 'معلم جامعي ثالث', 0),
(628, 'معلم صناعي ثالث', 0),
(629, 'مراقب اول', 0),
(630, 'محقق رابع', 0),
(631, 'مأمور تسجيل اول', 0),
(632, 'رئيس سواق اطفاء', 0),
(633, 'مراقب فني اول', 0),
(634, 'مدرب فني', 0),
(635, 'معلم ومعلم جامعي ثالث', 0),
(636, 'مشرح اول', 0),
(637, 'مفوض 4', 0),
(638, 'مفوض 5', 0),
(639, 'مفوض 6', 0),
(640, 'نائب ضابط 3', 0),
(641, 'نائب ضابط 4', 0),
(642, 'نائب ضابط 5', 0),
(643, 'ملازم اول', 0),
(644, 'معاون ربان طائرة اقدم', 0),
(645, 'ضابط عمليات جوية', 0),
(646, 'مهندس طائرات', 0),
(647, 'مهندس جوي', 0),
(648, 'بحار رابع', 0),
(649, 'ضابط بحري اول', 0),
(650, 'امام وواعظ ثالث', 0),
(651, 'امام وخطيب متدرج', 0),
(652, 'مضيف طائرة', 0),
(653, 'معاون رقيب مالي', 0),
(654, 'معيد', 0),
(655, 'معاون ملاحظ', 0),
(656, 'مأمور مال خامس', 0),
(657, 'معاون ملاحظ فني', 0),
(658, 'معاون امين مخزن', 0),
(659, 'امين صندوق اقدم', 0),
(660, 'معاون مهندس', 0),
(661, 'معاون مهندس زراعي', 0),
(662, 'معاون مترجم', 0),
(663, 'معاون مشرف سياحي', 0),
(664, 'معاون باحث', 0),
(665, 'معاون احصائي', 0),
(666, 'معاون مبرمج', 0),
(667, 'محرر ثالث', 0),
(668, 'منظم ارشيف ثالث', 0),
(669, 'معاون محلل انظمة', 0),
(670, 'معاون اختصاصي نظم ومعلومات', 0),
(671, 'مشرف بيانات', 0),
(672, 'مشغل حاسبة', 0),
(673, 'معاون رئيس حرفيين', 0),
(674, 'معاون محاسب', 0),
(675, 'معاون مدقق', 0),
(676, 'معاون مصمم', 0),
(677, 'معاون منقب اثار', 0),
(678, 'مدرس رابع', 0),
(679, 'معلم رابع', 0),
(680, 'معاون قانوني', 0),
(681, 'معاون اختصاصي الغام', 0),
(682, 'معاون امين مكتبة', 0),
(683, 'رسام هندسي', 0),
(684, 'رسام', 0),
(685, 'كاتب طابعة اقدم', 0),
(686, 'معاون امين متحف', 0),
(687, 'مشرف فني رابع', 0),
(688, 'مأمور بدالة اقدم', 0),
(689, 'فاحص نقد ثان', 0),
(690, 'معاون جيولوجي', 0),
(691, 'ممرض او ممرضة اقدم', 0),
(692, 'معاون مراقب كمرك', 0),
(693, 'مساح', 0),
(694, 'رئيس محصلين', 0),
(695, 'معاون رئيس سواق', 0),
(696, 'معاون مخمن', 0),
(697, 'معاون مصور', 0),
(698, 'معاون ملاحظ اعلامي', 0),
(699, 'مرشد اجتماعي ثان', 0),
(700, 'مأمور قسم ثالث', 0),
(701, 'رقيب اصلاحية ثان', 0),
(702, 'معاون قضائي خامس', 0),
(703, 'حارس اصلاحية ثان', 0),
(704, 'كاتب عدل خامس', 0),
(705, 'منفذ عدل خامس', 0),
(706, 'محقق عدلي خامس', 0),
(707, 'باحث اجتماعي خامس', 0),
(708, 'مبلغ اول', 0),
(709, 'معاون كيمياوي', 0),
(710, 'معاون فيزياوي', 0),
(711, 'معاون بايولوجي', 0),
(712, 'معاون بكتريولوجي', 0),
(713, 'مرشد زراعي', 0),
(714, 'تقني طبي متدرب', 0),
(715, 'معاون طبي اقدم', 0),
(716, 'معاون مختبر اقدم', 0),
(717, 'ممرض وممرضة جامعية متدربة', 0),
(718, 'ممرض او ممرضة ماهرة اقدم', 0),
(719, 'مأمور كمرك', 0),
(720, 'معاون وامام خطيب', 0),
(721, 'معاون سادن', 0),
(722, 'امام خامس', 0),
(723, 'واعظ خامس', 0),
(724, 'قارىء ومؤذن ثان', 0),
(725, 'خادم ومؤذن ثان', 0),
(726, 'مؤذن ثان', 0),
(727, 'خادم ثان', 0),
(728, 'معاون مفتش', 0),
(729, 'معاون مهندس تقني', 0),
(730, 'معاون رئيس حراس', 0),
(731, 'مراقب مطار', 0),
(732, 'مراقب قاعة', 0),
(733, 'مرشد', 0),
(734, 'مراقب لاسلكي', 0),
(735, 'مراقب فني', 0),
(736, 'معاون طيار', 0),
(737, 'عريف اطفاء', 0),
(738, 'عريف انقاذ', 0),
(739, 'مراقب نقل جوي', 0),
(740, 'مراقب جوي', 0),
(741, 'معاون مصحح', 0),
(742, 'معاون متنبئ جوي', 0),
(743, 'معاون راصد جوي', 0),
(744, 'معاون تحري معلومات', 0),
(745, 'قابلة ماهرة قدمى', 0),
(746, 'ممرض فني اقدم', 0),
(747, 'معاون تقني اجهزة طبية اقدم', 0),
(748, 'معاون وقائي اقدم', 0),
(749, 'منتج تأمين', 0),
(750, 'معاون مدرب رياضي', 0),
(751, 'معاون رئيس مصوريين شعاعيين', 0),
(752, 'معاون رئيس معالجين طبيعيين', 0),
(753, 'صيدلي', 0),
(754, 'مرشد تربوي رابع', 0),
(755, 'معلم جامعي رابع', 0),
(756, 'معلم صناعي رابع', 0),
(757, 'مراقب', 0),
(758, 'محقق خامس', 0),
(759, 'مأمور تسجيل ثاني', 0),
(760, 'معاون رئيس سواق اطفاء', 0),
(761, 'معاون مدرب فني', 0),
(762, 'معاون وقائي اقدم', 0),
(763, 'معلم ومعلم جامعي رابع', 0),
(764, 'معاون مدقق حسابات', 0),
(765, 'مشرح', 0),
(766, 'مفوض 7', 0),
(767, 'مفوض 8', 0),
(768, 'نائب ضابط د6', 0),
(769, 'نائب ضابط د7', 0),
(770, 'نائب ضابط د8', 0),
(771, 'ملازم', 0),
(772, 'معاون ربان طائرة', 0),
(773, 'معاون ضابط عمليات جوية', 0),
(774, 'معاون مهندس طائرات', 0),
(775, 'معاون مهندس جوي', 0),
(776, 'بحار ثالث', 0),
(777, 'معاون ضابط بحري', 0),
(778, 'امام متدرج', 0),
(779, 'امام وخطيب جامع', 0),
(780, 'مضيف اول', 0),
(781, 'معاون رقيب اقدم', 0),
(782, 'مسجل بيانات', 0),
(783, 'مراجع بيانات', 0),
(784, 'حرفي اقدم', 0),
(785, 'كاتب حسابات', 0),
(786, 'كاتب تدقيق', 0),
(787, 'معلم خامس', 0),
(788, 'كاتب', 0),
(789, 'معاون رسام هندسي', 0),
(790, 'معاون رسام', 0),
(791, 'كاتب طابعة اول', 0),
(792, 'مأمور بدالة', 0),
(793, 'محصل اقدم', 0),
(794, 'سائق اقدم', 0),
(795, 'معاون مرشد اجتماعي', 0),
(796, 'حارس اصلاحية ثالث', 0),
(797, 'معاون قضائي سادس', 0),
(798, 'مبلغ ثان', 0),
(799, 'مامور تسجيل ثان', 0),
(800, 'مراقب زراعي', 0),
(801, 'معاون طبي / معاون مختبر طبي', 0),
(802, 'معاون وقائي متدرب', 0),
(803, 'ممرضة فنية', 0),
(804, 'معاون صيدلي', 0),
(805, 'معاون طبي متدرب', 0),
(806, 'فاحص بصر', 0),
(807, 'مثقف صحي', 0),
(808, 'موظف صحي', 0),
(809, 'معاون مخدر', 0),
(810, 'باحثة صحية', 0),
(811, 'تقني اجهزة طبية', 0),
(812, 'نظاراتي', 0),
(813, 'معاون مختبر متدرب', 0),
(814, 'معاون فاحص نقد', 0),
(815, 'معاون محرر', 0),
(816, 'معاون منظم ارشيف', 0),
(817, 'امين صندوق', 0),
(818, 'معاون مساح', 0),
(819, 'مضمد', 0),
(820, 'ممرض او ممرضة ماهرة', 0),
(821, 'ممرض او ممرضة', 0),
(822, 'مراقب كمارك', 0),
(823, 'معاون امام', 0),
(824, 'معاون واعظ', 0),
(825, 'قارئ ومؤذن ثالث', 0),
(826, 'فني', 0),
(827, 'خادم ومؤذن ثالث', 0),
(828, 'مؤذن ثالث', 0),
(829, 'خادم ثالث', 0),
(830, 'حارس اقدم', 0),
(831, 'معاون مرشد', 0),
(832, 'معاون مراقب لاسلكي', 0),
(833, 'نائب عريف اطفاء', 0),
(834, 'نائب عريف انقاذ', 0),
(835, 'معاون مراقب نقل جوي', 0),
(836, 'معاون مراقب جوي', 0),
(837, 'راصد جوي متدرب', 0),
(838, 'قابلة ماهرة', 0),
(839, 'معاون طبي تدرج', 0),
(840, 'معاون منتج تأمين', 0),
(841, 'مصور شعاعي', 0),
(842, 'معالج طبيعي', 0),
(843, 'معلم صناعي خامس', 0),
(844, 'مشرف فني خامس', 0),
(845, 'معاون مراقب', 0),
(846, 'مأمور تسجيل ثالث', 0),
(847, 'سائق اطفاء اقدم', 0),
(848, 'معاون مراقب فني', 0),
(849, 'معاون مراقب قاعة', 0),
(850, 'معاون مراقب مطار', 0),
(851, 'معاون مأمور مال', 0),
(852, 'رئيس عرفاء', 0),
(853, 'مساعد مشرح', 0),
(854, 'بحار مبتدىء', 0),
(855, 'مضيف ثاني', 0),
(856, 'حرفي اول', 0),
(857, 'موظف خدمات اقدم', 0),
(858, 'سائق اول', 0),
(859, 'كاتب طابعة ثان', 0),
(860, 'معاون مامور بدالة', 0),
(861, 'محصل', 0),
(862, 'مبلغ ثالث', 0),
(863, 'حارس اصلاحية رابع', 0),
(864, 'قارئ ومؤذن رابع', 0),
(865, 'خادم ومؤذن رابع', 0),
(866, 'مؤذن رابع', 0),
(867, 'خادم رابع', 0),
(868, 'معاون امين صندوق', 0),
(869, 'معاون مضمد', 0),
(870, 'حارس اول', 0),
(871, 'جندي اطفاء', 0),
(872, 'جندي انقاذ', 0),
(873, 'مأمور تسجيل رابع', 0),
(874, 'طالب كلية الشرطة والمهد العالي للتطوير الاداري', 0),
(875, 'عريف', 0),
(876, 'نائب عريف', 0),
(877, 'بحار اول', 0),
(878, 'سائق اطفاء اول', 0),
(879, 'حرفي', 0),
(880, 'موظف خدمات', 0),
(881, 'كاتب طابعة ثالث', 0),
(882, 'مشغل بدالة اول', 0),
(883, 'سائق ثان', 0),
(884, 'حارس اصلاحية خامس', 0),
(885, 'قاريء ومؤذن خامس', 0),
(886, 'خادم ومؤذن خامس', 0),
(887, 'مؤذن خامس', 0),
(888, 'خادم خامس', 0),
(889, 'حارس ثاني', 0),
(890, 'اطفائي', 0),
(891, 'معاون موظف خدمات', 0),
(892, 'معاون حرفي', 0),
(893, 'مشغل بدالة', 0),
(894, 'سائق ثالث', 0),
(895, 'خادم سادس', 0),
(896, 'مؤذن سادس', 0),
(897, 'حارس ثالث', 0),
(898, 'شرطي اول', 0),
(899, 'شرطي مشاة وطالب اعدادية شرطة', 0),
(900, 'جندي اول', 0),
(901, 'جندي', 0),
(902, 'سائق اطفاء ثان', 0),
(903, 'غيرمبين', 0),
(904, 'احصائي', 0);

-- --------------------------------------------------------

--
-- Table structure for table `universities`
--

CREATE TABLE `universities` (
  `id` int(100) UNSIGNED NOT NULL,
  `university_name` varchar(255) NOT NULL,
  `active` tinyint(1) NOT NULL DEFAULT 1,
  `created_at` timestamp NULL DEFAULT NULL,
  `updated_at` timestamp NULL DEFAULT NULL,
  `deleted_at` timestamp NULL DEFAULT NULL
) ENGINE=InnoDB DEFAULT CHARSET=utf8 COLLATE=utf8_unicode_ci;

--
-- Dumping data for table `universities`
--

INSERT INTO `universities` (`id`, `university_name`, `active`, `created_at`, `updated_at`, `deleted_at`) VALUES
(1, 'الجامعة التقنية الجنوبية', 1, NULL, NULL, NULL),
(2, 'الجامعة التقنية الشمالية', 1, NULL, NULL, NULL),
(3, 'الجامعة التقنية الوسطى', 1, NULL, NULL, NULL),
(4, 'الجامعة التكنولوجية', 1, NULL, NULL, NULL),
(5, 'الجامعة العراقية', 1, NULL, NULL, NULL),
(6, 'الجامعة المستنصرية', 1, NULL, NULL, NULL),
(7, 'جامعة ابن سينا للعلوم الطبية والصيدلانية', 1, NULL, NULL, NULL),
(8, 'جامعة الانبار', 1, NULL, NULL, NULL),
(9, 'جامعة البصرة', 1, NULL, NULL, NULL),
(10, 'جامعة البصرة للنفط والغاز', 1, NULL, NULL, NULL),
(11, 'جامعة الحمدانية', 1, NULL, NULL, NULL),
(12, 'جامعة الفرات الاوسط التقنية', 1, NULL, NULL, NULL),
(13, 'جامعة الفلوجة', 1, NULL, NULL, NULL),
(14, 'جامعة القادسية', 1, NULL, NULL, NULL),
(15, 'جامعة القاسم الخضراء', 1, NULL, NULL, NULL),
(16, 'جامعة الكرخ للعلوم', 1, NULL, NULL, NULL),
(17, 'جامعة الكوفة', 1, NULL, NULL, NULL),
(18, 'جامعة المثنى', 1, NULL, NULL, NULL),
(19, 'جامعة الموصل', 1, NULL, NULL, NULL),
(20, 'جامعة النهرين', 1, NULL, NULL, NULL),
(21, 'جامعة بابل', 1, NULL, NULL, NULL),
(22, 'جامعة بغداد', 1, NULL, NULL, NULL),
(23, 'جامعة تكريت', 1, NULL, NULL, NULL),
(24, 'جامعة تكنولوجيا المعلومات والاتصالات', 1, NULL, NULL, NULL),
(25, 'جامعة تلعفر', 1, NULL, NULL, NULL),
(26, 'جامعة جابر بن حيان الطبية', 1, NULL, NULL, NULL),
(27, 'جامعة ديالى', 1, NULL, NULL, NULL),
(28, 'جامعة ذي قار', 1, NULL, NULL, NULL),
(29, 'جامعة سامراء', 1, NULL, NULL, NULL),
(30, 'جامعة سومر', 1, NULL, NULL, NULL),
(31, 'جامعة كربلاء', 1, NULL, NULL, NULL),
(32, 'جامعة كركوك', 1, NULL, NULL, NULL),
(33, 'جامعة ميسان', 1, NULL, NULL, NULL),
(34, 'جامعة نينوى', 0, NULL, NULL, NULL),
(35, 'جامعة واسط', 1, NULL, NULL, NULL),
(36, 'كلیة التراث الجامعة', 1, NULL, NULL, NULL),
(37, 'كلیة المنصور الجامعة', 1, NULL, NULL, NULL),
(38, 'كلیة الرافدین الجامعة', 1, NULL, NULL, NULL),
(39, 'كلیة المأمون الجامعة', 1, NULL, NULL, NULL),
(40, 'كلیة شط العرب الجامعة', 0, NULL, NULL, NULL),
(41, 'كلیة المعارف الجامعة', 1, NULL, NULL, NULL),
(42, 'كلیة الحدباء الجامعة', 1, NULL, NULL, NULL),
(43, 'كلیة بغداد للعلوم الاقتصادیة الجامعة', 0, NULL, NULL, NULL),
(44, 'كلیة الیرموك الجامعة', 1, NULL, NULL, NULL),
(45, 'كلیة بغداد للعلوم الطبیة', 1, NULL, NULL, NULL),
(46, 'جامعة اھل البیت(ع)', 1, NULL, NULL, NULL),
(47, 'الجامعة الإسلامية', 1, NULL, NULL, NULL),
(48, 'الجامعة الاسلامیة فرع القادسیة', 1, NULL, NULL, NULL),
(49, 'الجامعة الاسلامیة فرع بابل', 1, NULL, NULL, NULL),
(50, 'كلیة دجلة الجامعة', 1, NULL, NULL, NULL),
(51, 'كلیة السلام الجامعة ', 1, NULL, NULL, NULL),
(52, 'جامعة الكفیل', 1, NULL, NULL, NULL),
(53, 'كلیة مدینة العلم الجامعة', 1, NULL, NULL, NULL),
(54, 'كلیة الشیخ الطوسي', 1, NULL, NULL, NULL),
(55, 'جامعة الامام جعفر الصادق (ع) - المركز', 0, NULL, NULL, NULL),
(56, 'جامعة الامام جعفر الصادق (ع) - ديالى', 0, NULL, NULL, NULL),
(57, 'جامعة الامام جعفر الصادق (ع) - كركوك', 1, NULL, NULL, NULL),
(58, 'جامعة الامام جعفر الصادق (ع) - ذي قار', 0, NULL, NULL, NULL),
(59, 'جامعة الامام جعفر الصادق (ع) - النجف', 1, NULL, NULL, NULL),
(60, 'جامعة الامام جعفر الصادق (ع) - صلاح الدين', 1, NULL, NULL, NULL),
(61, 'جامعة الامام جعفر الصادق (ع) - المثنى', 0, NULL, NULL, NULL),
(62, 'جامعة الامام جعفر الصادق (ع) - ميسان', 0, NULL, NULL, NULL),
(63, 'كلیة الرشید الجامعة', 1, NULL, NULL, NULL),
(64, 'كلیة العراق الجامعة', 0, NULL, NULL, NULL),
(65, 'كلیة صدر العراق الجامعة', 1, NULL, NULL, NULL),
(66, 'كلیة القلم الجامعة', 1, NULL, NULL, NULL),
(67, 'كلیة الحسین (ع) الجامعة', 1, NULL, NULL, NULL),
(68, 'كلیة الحكمة الجامعة', 1, NULL, NULL, NULL),
(69, 'كلیة المستقبل الجامعة', 1, NULL, NULL, NULL),
(70, 'كلیة الامام الجامعة', 0, NULL, NULL, NULL),
(71, 'كلیة الحلة الجامعة', 1, NULL, NULL, NULL),
(72, 'كلیة اصول الدین الجامعة', 1, NULL, NULL, NULL),
(73, 'كلیة الاسراء الجامعة', 1, NULL, NULL, NULL),
(74, 'كلیة الصفوة الجامعة', 1, NULL, NULL, NULL),
(75, 'جامعة الكتاب', 1, NULL, NULL, NULL),
(76, 'كلیة الكوت الجامعة', 1, NULL, NULL, NULL),
(77, 'جامعة الفراھیدي', 1, NULL, NULL, NULL),
(78, 'كلیة المصطفى الجامعة', 1, NULL, NULL, NULL),
(79, 'كلیة المزایا الجامعة', 1, NULL, NULL, NULL),
(80, 'كلیة النور الجامعة', 1, NULL, NULL, NULL),
(81, 'كلیة الكنوز الجامعة', 1, NULL, NULL, NULL),
(82, 'كلیة الفارابي الجامعة', 1, NULL, NULL, NULL),
(83, 'كلیة الباني الجامعة', 1, NULL, NULL, NULL),
(84, 'كلیة الطف الجامعة', 0, NULL, NULL, NULL),
(85, 'كلیة الزھراوي الجامعة', 1, NULL, NULL, NULL),
(86, 'كلیة النخبة الجامعة', 0, NULL, NULL, NULL),
(87, 'كلیة النسور الجامعة', 1, NULL, NULL, NULL),
(88, 'كلیة الفقة الجامعة', 0, NULL, NULL, NULL),
(89, 'كلیة بلاد الرافدین الجامعة', 1, NULL, NULL, NULL),
(90, 'الجامعة الوطنیة للعلوم والتكنولوجیا', 1, NULL, NULL, NULL),
(91, 'كلیة الامال الجامعة', 0, NULL, NULL, NULL),
(92, 'كلیة البصرة للعلوم والتكنولوجیا الجامعة', 0, NULL, NULL, NULL),
(93, 'جامعة اوروك', 1, NULL, NULL, NULL),
(94, 'كلیة الھادي الجامعة', 1, NULL, NULL, NULL),
(95, 'جامعة البیان', 1, NULL, NULL, NULL),
(96, 'جامعة وارث الانبیاء', 1, NULL, NULL, NULL),
(97, 'جامعة المصطفى الامین', 0, NULL, NULL, NULL),
(98, 'جامعة العمید', 1, NULL, NULL, NULL),
(99, 'كلیة آشور الجامعة', 1, NULL, NULL, NULL),
(100, 'كلیة المنارة للعلوم الطبیة', 1, NULL, NULL, NULL),
(101, 'جامعة العین', 1, NULL, NULL, NULL),
(102, 'كلیة الشرق الاوسط الجامعة', 1, NULL, NULL, NULL),
(103, 'كلیة العمارة الجامعة', 1, NULL, NULL, NULL),
(104, 'كلیة جنات العراق للعلوم', 1, NULL, NULL, NULL),
(105, 'جامعة الزھراء (ع) للبنات', 1, NULL, NULL, NULL),
(106, 'جامعة كلكامش', 1, NULL, NULL, NULL),
(107, 'الجامعة الامریكیة - بغداد', 1, NULL, NULL, NULL),
(108, 'جامعة بغداد', 1, NULL, NULL, NULL),
(109, 'جامعة جرمو\r\n', 1, NULL, NULL, NULL),
(110, 'جامعة حلبجة\r\n', 1, NULL, NULL, NULL),
(111, 'جامعة دهوك\r\n', 1, NULL, NULL, NULL),
(112, 'جامعة رابرين\r\n', 1, NULL, NULL, NULL),
(113, 'جامعة زاخو\r\n', 1, NULL, NULL, NULL),
(114, 'جامعة سليمانية\r\n', 1, NULL, NULL, NULL),
(115, 'جامعة سوران\r\n', 1, NULL, NULL, NULL),
(116, 'جامعة صلاح الدين\r\n', 1, NULL, NULL, NULL),
(117, 'جامعة كرميان\r\n', 1, NULL, NULL, NULL),
(118, 'جامعة كويه\r\n', 1, NULL, NULL, NULL),
(120, 'الجامعة الامريكية في العراق سليمانية\r\n', 1, NULL, NULL, NULL),
(121, 'جامعة أربيل الدولية\r\n', 1, NULL, NULL, NULL),
(122, 'جامعة تيشك\r\n', 1, NULL, NULL, NULL),
(123, 'جامعة جيهان أربيل\r\n', 1, NULL, NULL, NULL),
(124, 'جامعة جيهان دهوك\r\n', 1, NULL, NULL, NULL),
(125, 'جامعة جيهان سليمانية \r\n', 1, NULL, NULL, NULL),
(126, 'جامعة كومار للعلوم والتكنولوجيا\r\n', 1, NULL, NULL, NULL),
(127, 'جامعة نولج\r\n', 1, NULL, NULL, NULL),
(128, 'جامعة هولير الطبية', 0, NULL, NULL, NULL),
(129, 'جامعة دهوك التقنية', 1, NULL, NULL, NULL);

-- --------------------------------------------------------

--
-- Table structure for table `usereministry`
--

CREATE TABLE `usereministry` (
  `id` int(100) NOT NULL,
  `userename` varchar(100) NOT NULL,
  `password` varchar(100) NOT NULL,
  `name` varchar(100) NOT NULL,
  `phone` varchar(100) NOT NULL,
  `minstry` varchar(100) NOT NULL,
  `tshkel` varchar(100) NOT NULL,
  `flag_active` int(2) NOT NULL DEFAULT 0
) ENGINE=InnoDB DEFAULT CHARSET=utf8 COLLATE=utf8_unicode_ci;

--
-- Dumping data for table `usereministry`
--

INSERT INTO `usereministry` (`id`, `userename`, `password`, `name`, `phone`, `minstry`, `tshkel`, `flag_active`) VALUES
(1, 'FPSCM2001', 'sdk2023', 'مصطفى سليم محسن', '07706340486', 'مجلس الخدمة الاتحادي', 'مجلس الخدمة الاتحادي', 0);

-- --------------------------------------------------------

--
-- Table structure for table `users`
--

CREATE TABLE `users` (
  `id` int(100) NOT NULL,
  `code` varchar(50) NOT NULL,
  `password` varchar(50) NOT NULL,
  `name` varchar(255) NOT NULL,
  `mother_name` varchar(255) NOT NULL,
  `certif` varchar(100) NOT NULL,
  `university` varchar(100) NOT NULL,
  `college` varchar(100) NOT NULL,
  `department` varchar(100) NOT NULL,
  `book_num` varchar(100) NOT NULL,
  `datebook` varchar(100) NOT NULL,
  `Employer` varchar(100) DEFAULT NULL
) ENGINE=InnoDB DEFAULT CHARSET=utf8mb4 COLLATE=utf8mb4_general_ci;

--
-- Dumping data for table `users`
--

INSERT INTO `users` (`id`, `code`, `password`, `name`, `mother_name`, `certif`, `university`, `college`, `department`, `book_num`, `datebook`, `Employer`) VALUES
(1, 'SDk20231995', 'ssmmdd2023', 'مصطفى سليم محسن زميط', 'عليه كامل حسن', 'دبلوم انظمة حاسوب', 'جامعة بغداد', 'كلية العلوم', 'علوم حاسبات', '921874', '01/04/2023', 'مجلس الخدمة الاتحادي العامة'),
(2, 'SDk20231994', 'ssmmdd20222', 'احمد محمد علي حسين', 'هبة محمد محمود', 'بكلوريوس علوم حاسوب', 'جامعة بغداد', 'كلية الهندسة الخوارزمي', 'هندسة المعلومات و الاتصالات', '654434', '10/02/2023', 'وزارة الزراعة'),
(3, 'SDk20231993', 'ssmmdd2021', 'حوراء عبد الكريم جاسم', 'هبة محمد علي', 'دبلوم تقنيات معلومات', 'جامعة بغداد', 'كلية العلوم', 'علوم الحاسوب', '658987554', '18/05/2022', 'مجلس الخدمة الاتحادي العام');

--
-- Indexes for dumped tables
--

--
-- Indexes for table `career_title`
--
ALTER TABLE `career_title`
  ADD PRIMARY KEY (`id`);

--
-- Indexes for table `certificate`
--
ALTER TABLE `certificate`
  ADD PRIMARY KEY (`id`);

--
-- Indexes for table `data`
--
ALTER TABLE `data`
  ADD PRIMARY KEY (`data_id`),
  ADD KEY `user_id` (`user_id`),
  ADD KEY `university_id` (`university_id`),
  ADD KEY `career_title` (`career_title`);

--
-- Indexes for table `dgree`
--
ALTER TABLE `dgree`
  ADD PRIMARY KEY (`id`);

--
-- Indexes for table `log_table`
--
ALTER TABLE `log_table`
  ADD PRIMARY KEY (`id`),
  ADD KEY `user_id` (`user_id`);

--
-- Indexes for table `ministerialrequirement`
--
ALTER TABLE `ministerialrequirement`
  ADD PRIMARY KEY (`id`);

--
-- Indexes for table `title_jop`
--
ALTER TABLE `title_jop`
  ADD PRIMARY KEY (`id`);

--
-- Indexes for table `universities`
--
ALTER TABLE `universities`
  ADD PRIMARY KEY (`id`);

--
-- Indexes for table `usereministry`
--
ALTER TABLE `usereministry`
  ADD PRIMARY KEY (`id`);

--
-- Indexes for table `users`
--
ALTER TABLE `users`
  ADD PRIMARY KEY (`id`);

--
-- AUTO_INCREMENT for dumped tables
--

--
-- AUTO_INCREMENT for table `career_title`
--
ALTER TABLE `career_title`
  MODIFY `id` int(20) NOT NULL AUTO_INCREMENT, AUTO_INCREMENT=5;

--
-- AUTO_INCREMENT for table `certificate`
--
ALTER TABLE `certificate`
  MODIFY `id` int(20) NOT NULL AUTO_INCREMENT, AUTO_INCREMENT=6;

--
-- AUTO_INCREMENT for table `data`
--
ALTER TABLE `data`
  MODIFY `data_id` int(100) NOT NULL AUTO_INCREMENT, AUTO_INCREMENT=35;

--
-- AUTO_INCREMENT for table `dgree`
--
ALTER TABLE `dgree`
  MODIFY `id` int(20) NOT NULL AUTO_INCREMENT, AUTO_INCREMENT=5;

--
-- AUTO_INCREMENT for table `log_table`
--
ALTER TABLE `log_table`
  MODIFY `id` int(100) NOT NULL AUTO_INCREMENT, AUTO_INCREMENT=242;

--
-- AUTO_INCREMENT for table `ministerialrequirement`
--
ALTER TABLE `ministerialrequirement`
  MODIFY `id` int(50) NOT NULL AUTO_INCREMENT, AUTO_INCREMENT=9;

--
-- AUTO_INCREMENT for table `title_jop`
--
ALTER TABLE `title_jop`
  MODIFY `id` int(3) NOT NULL AUTO_INCREMENT, AUTO_INCREMENT=905;

--
-- AUTO_INCREMENT for table `universities`
--
ALTER TABLE `universities`
  MODIFY `id` int(100) UNSIGNED NOT NULL AUTO_INCREMENT, AUTO_INCREMENT=130;

--
-- AUTO_INCREMENT for table `usereministry`
--
ALTER TABLE `usereministry`
  MODIFY `id` int(100) NOT NULL AUTO_INCREMENT, AUTO_INCREMENT=2;

--
-- AUTO_INCREMENT for table `users`
--
ALTER TABLE `users`
  MODIFY `id` int(100) NOT NULL AUTO_INCREMENT, AUTO_INCREMENT=4;

--
-- Constraints for dumped tables
--

--
-- Constraints for table `data`
--
ALTER TABLE `data`
  ADD CONSTRAINT `data_ibfk_2` FOREIGN KEY (`university_id`) REFERENCES `universities` (`id`),
  ADD CONSTRAINT `data_ibfk_3` FOREIGN KEY (`career_title`) REFERENCES `title_jop` (`id`);
COMMIT;

/*!40101 SET CHARACTER_SET_CLIENT=@OLD_CHARACTER_SET_CLIENT */;
/*!40101 SET CHARACTER_SET_RESULTS=@OLD_CHARACTER_SET_RESULTS */;
/*!40101 SET COLLATION_CONNECTION=@OLD_COLLATION_CONNECTION */;
